drop table if exists t;
create table t (a int, b int);
insert into t select *, * from generate_series(1000) tf;
select t2.a from t as t1 dedup join t as t2 on t1.a = t2.a;
Duplicate entry '1' for key ''
select t2.a from t as t1 dedup join t as t2 on t1.a + 100 = t2.a;
Duplicate entry '101' for key ''
select t2.a from t as t1 dedup join t as t2 on t1.a + 100 = t2.a where t2.a < 10;
a
1
2
3
4
5
6
7
8
9
insert into t select *, * from generate_series(10, 100) tf;
select t2.a from t as t1 dedup join t as t2 on t1.a = t2.a;
Duplicate entry '10' for key ''
drop table t;